{
  "num_objects": 4,
  "split": "train",
  "image_index": 2000,
  "image_filename": "CLEVRTEX_train_002000.png",
  "ground_material": "tabularasa",
  "directions": {
    "behind": [
      -0.9057737588882446,
      0.4237615764141083,
      0.0
    ],
    "front": [
      0.9057737588882446,
      -0.4237615764141083,
      -0.0
    ],
    "left": [
      -0.4237614870071411,
      -0.9057737588882446,
      0.0
    ],
    "right": [
      0.4237614870071411,
      0.9057737588882446,
      -0.0
    ],
    "above": [
      0.0,
      0.0,
      0.9999999403953552
    ],
    "below": [
      -0.0,
      -0.0,
      -0.9999999403953552
    ]
  },
  "extrinsic": [
    [
      0.4237615764141083,
      -0.4727839529514313,
      0.7725939750671387,
      7.21410608291626
    ],
    [
      0.9057738780975342,
      0.221189484000206,
      -0.361454039812088,
      -3.375081777572632
    ],
    [
      0.0,
      0.8529656529426575,
      0.5219669342041016,
      4.873872756958008
    ],
    [
      0.0,
      0.0,
      0.0,
      1.0
    ]
  ],
  "intrinsic": [
    [
      280.0,
      0.0,
      128.0
    ],
    [
      0.0,
      497.77777099609375,
      128.0
    ],
    [
      0.0,
      0.0,
      1.0
    ]
  ],
  "objects": [
    {
      "shape": "wall",
      "rotation": 20.50419753700913,
      "size": 1.1,
      "3d_coords": [
        -5.487498760223389,
        -3.8541393280029297,
        1.100000023841858
      ],
      "pixel_coords": [
        -12,
        63,
        11.609864234924316
      ],
      "index": 1,
      "color": "blue",
      "material": "rubber"
    },
    {
      "shape": "wall",
      "rotation": 110.50419753700913,
      "size": 1.1,
      "3d_coords": [
        -1.9692755937576294,
        3.8673958778381348,
        1.100000023841858
      ],
      "pixel_coords": [
        192,
        63,
        11.682685852050781
      ],
      "index": 2,
      "color": "blue",
      "material": "rubber"
    },
    {
      "shape": "cube",
      "rotation": 196.55892468892907,
      "size": 0.6363961030678927,
      "3d_coords": [
        2.5858991146087646,
        -0.1941869556903839,
        0.6363961100578308
      ],
      "pixel_coords": [
        165,
        157,
        6.937295436859131
      ],
      "index": 3,
      "color": "green",
      "material": "mymetal"
    },
    {
      "shape": "cylinder",
      "rotation": 68.86799110582054,
      "size": 0.9,
      "3d_coords": [
        2.8635780811309814,
        2.8623921871185303,
        0.8999999761581421
      ],
      "pixel_coords": [
        267,
        126,
        7.689982891082764
      ],
      "index": 4,
      "color": "green",
      "material": "rubber"
    }
  ],
  "relationships": {
    "behind": [
      [],
      [],
      [
        0,
        1,
        3
      ],
      [
        0,
        1
      ]
    ],
    "front": [
      [
        2,
        3
      ],
      [
        2,
        3
      ],
      [],
      [
        2
      ]
    ],
    "left": [
      [],
      [
        0,
        2
      ],
      [
        0
      ],
      [
        0,
        1,
        2
      ]
    ],
    "right": [
      [
        1,
        2,
        3
      ],
      [
        3
      ],
      [
        1,
        3
      ],
      []
    ]
  },
  "mask_filename": "CLEVRTEX_train_002000_mask.png",
  "depth_filename": "CLEVRTEX_train_002000_depth_0001.png"
}