{
  "num_objects": 7,
  "split": "train",
  "image_index": 2001,
  "image_filename": "CLEVRTEX_train_002001.png",
  "ground_material": "tabularasa",
  "directions": {
    "behind": [
      -0.9245811104774475,
      0.3809853196144104,
      0.0
    ],
    "front": [
      0.9245811104774475,
      -0.3809853196144104,
      -0.0
    ],
    "left": [
      -0.3809852600097656,
      -0.9245810508728027,
      0.0
    ],
    "right": [
      0.3809852600097656,
      0.9245810508728027,
      -0.0
    ],
    "above": [
      0.0,
      0.0,
      0.9999999403953552
    ],
    "below": [
      -0.0,
      -0.0,
      -0.9999999403953552
    ]
  },
  "extrinsic": [
    [
      0.3809853196144104,
      -0.4878157675266266,
      0.785420835018158,
      6.757090091705322
    ],
    [
      0.9245811700820923,
      0.20101061463356018,
      -0.3236425220966339,
      -2.784343719482422
    ],
    [
      0.0,
      0.8494881987571716,
      0.5276073813438416,
      4.539083003997803
    ],
    [
      0.0,
      0.0,
      0.0,
      1.0
    ]
  ],
  "intrinsic": [
    [
      280.0,
      0.0,
      128.0
    ],
    [
      0.0,
      497.77777099609375,
      128.0
    ],
    [
      0.0,
      0.0,
      1.0
    ]
  ],
  "objects": [
    {
      "shape": "wall",
      "rotation": 22.618957901693978,
      "size": 1.3,
      "3d_coords": [
        -4.852949619293213,
        -3.631864547729492,
        1.2999999523162842
      ],
      "pixel_coords": [
        -10,
        55,
        10.553436279296875
      ],
      "index": 1,
      "color": "yellow",
      "material": "rubber"
    },
    {
      "shape": "wall",
      "rotation": 112.61895790169397,
      "size": 1.3,
      "3d_coords": [
        -1.622056007385254,
        4.214238166809082,
        1.2999999523162842
      ],
      "pixel_coords": [
        215,
        55,
        10.555158615112305
      ],
      "index": 2,
      "color": "yellow",
      "material": "rubber"
    },
    {
      "shape": "cube",
      "rotation": 273.3758481488901,
      "size": 0.282842712474619,
      "3d_coords": [
        -0.12683023512363434,
        0.24249078333377838,
        0.2828427255153656
      ],
      "pixel_coords": [
        134,
        117,
        8.632010459899902
      ],
      "index": 3,
      "color": "brown",
      "material": "rubber"
    },
    {
      "shape": "cone",
      "rotation": 281.95800715958393,
      "size": 0.4,
      "3d_coords": [
        2.7171993255615234,
        1.0563777685165405,
        0.4000000059604645
      ],
      "pixel_coords": [
        213,
        161,
        6.599845886230469
      ],
      "index": 4,
      "color": "green",
      "material": "mymetal"
    },
    {
      "shape": "sphere",
      "rotation": 321.8881219518909,
      "size": 0.4,
      "3d_coords": [
        2.7848594188690186,
        -2.896185874938965,
        0.4000000059604645
      ],
      "pixel_coords": [
        42,
        213,
        5.267486572265625
      ],
      "index": 5,
      "color": "cyan",
      "material": "mymetal"
    },
    {
      "shape": "cone",
      "rotation": 53.191563407915744,
      "size": 0.9,
      "3d_coords": [
        0.43377307057380676,
        -2.85299015045166,
        0.8999999761581421
      ],
      "pixel_coords": [
        27,
        129,
        6.864254951477051
      ],
      "index": 6,
      "color": "green",
      "material": "mymetal"
    },
    {
      "shape": "sphere",
      "rotation": 132.90526815968317,
      "size": 0.6,
      "3d_coords": [
        1.2043466567993164,
        0.4707636535167694,
        0.6000000238418579
      ],
      "pixel_coords": [
        161,
        127,
        7.493020534515381
      ],
      "index": 7,
      "color": "blue",
      "material": "mymetal"
    }
  ],
  "relationships": {
    "behind": [
      [],
      [],
      [
        0,
        1
      ],
      [
        0,
        1,
        2,
        5,
        6
      ],
      [
        0,
        1,
        2,
        3,
        5,
        6
      ],
      [
        0,
        1,
        2,
        6
      ],
      [
        0,
        1,
        2
      ]
    ],
    "front": [
      [
        2,
        3,
        4,
        5,
        6
      ],
      [
        2,
        3,
        4,
        5,
        6
      ],
      [
        3,
        4,
        5,
        6
      ],
      [
        4
      ],
      [],
      [
        3,
        4
      ],
      [
        3,
        4,
        5
      ]
    ],
    "left": [
      [],
      [
        0,
        2,
        3,
        4,
        5,
        6
      ],
      [
        0,
        4,
        5
      ],
      [
        0,
        2,
        4,
        5,
        6
      ],
      [
        0,
        5
      ],
      [
        0
      ],
      [
        0,
        2,
        4,
        5
      ]
    ],
    "right": [
      [
        1,
        2,
        3,
        4,
        5,
        6
      ],
      [],
      [
        1,
        3,
        6
      ],
      [
        1
      ],
      [
        1,
        2,
        3,
        6
      ],
      [
        1,
        2,
        3,
        4,
        6
      ],
      [
        1,
        3
      ]
    ]
  },
  "mask_filename": "CLEVRTEX_train_002001_mask.png",
  "depth_filename": "CLEVRTEX_train_002001_depth_0001.png"
}