{
  "num_objects": 5,
  "split": "train",
  "image_index": 2002,
  "image_filename": "CLEVRTEX_train_002002.png",
  "ground_material": "tabularasa",
  "directions": {
    "behind": [
      -0.9184058308601379,
      0.3956395387649536,
      0.0
    ],
    "front": [
      0.9184058308601379,
      -0.3956395387649536,
      -0.0
    ],
    "left": [
      -0.3956395089626312,
      -0.9184058904647827,
      0.0
    ],
    "right": [
      0.3956395089626312,
      0.9184058904647827,
      -0.0
    ],
    "above": [
      0.0,
      0.0,
      1.0
    ],
    "below": [
      -0.0,
      -0.0,
      -1.0
    ]
  },
  "extrinsic": [
    [
      0.39563947916030884,
      -0.5151204466819763,
      0.7603422403335571,
      7.156811237335205
    ],
    [
      0.9184058904647827,
      0.22190840542316437,
      -0.3275473415851593,
      -3.083078145980835
    ],
    [
      1.4901159417490817e-08,
      0.8278934359550476,
      0.560885488986969,
      5.2794013023376465
    ],
    [
      0.0,
      0.0,
      0.0,
      1.0
    ]
  ],
  "intrinsic": [
    [
      280.0,
      0.0,
      128.0
    ],
    [
      0.0,
      497.77777099609375,
      128.0
    ],
    [
      0.0,
      0.0,
      1.0
    ]
  ],
  "objects": [
    {
      "shape": "wall",
      "rotation": 18.562331910968,
      "size": 1.3,
      "3d_coords": [
        -4.627449989318848,
        -3.353524684906006,
        1.2999999523162842
      ],
      "pixel_coords": [
        4,
        60,
        11.103476524353027
      ],
      "index": 1,
      "color": "purple",
      "material": "rubber"
    },
    {
      "shape": "wall",
      "rotation": 108.562331910968,
      "size": 1.3,
      "3d_coords": [
        -0.8495992422103882,
        4.244359493255615,
        1.2999999523162842
      ],
      "pixel_coords": [
        221,
        64,
        10.719683647155762
      ],
      "index": 2,
      "color": "purple",
      "material": "rubber"
    },
    {
      "shape": "sphere",
      "rotation": 274.3764764994205,
      "size": 0.9,
      "3d_coords": [
        1.656921148300171,
        -0.12609250843524933,
        0.8999999761581421
      ],
      "pixel_coords": [
        148,
        133,
        7.606694221496582
      ],
      "index": 3,
      "color": "cyan",
      "material": "mymetal"
    },
    {
      "shape": "sphere",
      "rotation": 162.35731672679177,
      "size": 0.6,
      "3d_coords": [
        -1.1651146411895752,
        -2.991734266281128,
        0.6000000238418579
      ],
      "pixel_coords": [
        28,
        115,
        8.982039451599121
      ],
      "index": 4,
      "color": "blue",
      "material": "rubber"
    },
    {
      "shape": "sphere",
      "rotation": 126.9624575407969,
      "size": 0.6,
      "3d_coords": [
        0.36322179436683655,
        -1.521280288696289,
        0.6000000238418579
      ],
      "pixel_coords": [
        86,
        129,
        8.301624298095703
      ],
      "index": 5,
      "color": "blue",
      "material": "rubber"
    }
  ],
  "relationships": {
    "behind": [
      [],
      [
        0
      ],
      [
        0,
        1,
        3,
        4
      ],
      [
        0,
        1
      ],
      [
        0,
        1,
        3
      ]
    ],
    "front": [
      [
        1,
        2,
        3,
        4
      ],
      [
        2,
        3,
        4
      ],
      [],
      [
        2,
        4
      ],
      [
        2
      ]
    ],
    "left": [
      [],
      [
        0,
        2,
        3,
        4
      ],
      [
        0,
        3,
        4
      ],
      [
        0
      ],
      [
        0,
        3
      ]
    ],
    "right": [
      [
        1,
        2,
        3,
        4
      ],
      [],
      [
        1
      ],
      [
        1,
        2,
        4
      ],
      [
        1,
        2
      ]
    ]
  },
  "mask_filename": "CLEVRTEX_train_002002_mask.png",
  "depth_filename": "CLEVRTEX_train_002002_depth_0001.png"
}